{
  "date": "2022-07-11T18:35:10.771Z",
  "title": "Benefits of Stones",
  "thumbnail": "/img/uploads/stones-1646479_960_720.jpg",
  "description": "Power of Stones and Crystals and their meanings",
  "body": "## Discover the Power and Benefits of Stones and Crystals\n\n<!--StartFragment-->\n\nDiscover the Power and Benefits of Crystals\n\nNatural stones keep Vital Force, they are able to assist in harmonizing on a mental, spiritual and physical level.\n\nGo to our blog for articles about Crystals, Meanings and Benefits for your day to day\n\n<!--EndFragment-->\n\n* [Events](https://site.minascristais.com.br/eventos/) [](https://site.minascristais.com.br/pedrasecristais/como-programar-cristais)[](https://site.minascristais.com.br/pedrasecristais/como-programar-cristais)[](https://site.minascristais.com.br/pedrasecristais/como-programar-cristais)\n* What is the meaning of crystals and brown stones?\n* [How to Program Crystals?](https://site.minascristais.com.br/pedrasecristais/como-programar-cristais)\n* [How to clean and energize Crystals?](https://site.minascristais.com.br/pedrasecristais/como-limpar-e-energizar-cristais)\n* [The Stones for Each Zodiac Sign?](https://site.minascristais.com.br/pedrasecristais/cristais-e-pedras-marrons-qual-o-significado)\n* [The Stones of Each Sign](https://site.minascristais.com.br/pedrasecristais/as-pedras-de-cada-signo)\n* [Download the E-book with Meaning of Stones and Crystals](https://site.minascristais.com.br/e-book-significado-dos-cristais)\n* [3 Friendship Crystals](https://site.minascristais.com.br/pedrasecristais/3-cristais-amizade)\n* [Astrological Calendar for 2022, check out important dates and events that will vibrate in this new year](https://site.minascristais.com.br/pedrasecristais/calendario-astrologico-para-2022-confira-datas-e-eventos-importantes-que-irao-vibrar-nesse-novo-ano)\n* [Stones of every profession](https://site.minascristais.com.br/pedrasecristais/pedras-de-cada-profissao)\n* [The history of crystals](https://site.minascristais.com.br/pedrasecristais/a-historia-dos-cristais)\n\n[](https://site.minascristais.com.br/pedrasecristais/cristais-e-pedras-marrons-qual-o-significado)\n\n### **[Visit Our Blog](https://site.minascristais.com.br/blog)**",
  "sections": [
    {
      "type": "responsive-banner",
      "img": "/img/uploads/stones-1646479_960_720.jpg"
    },
    {
      "type": "blog-post",
      "enabled": true
    },
    {
      "type": "dynamic-showcase",
      "load_more": false,
      "sort": "news"
    },
    {
      "type": "info-bar",
      "enabled": true
    }
  ],
  "meta_title": "Benefits of Stones",
  "meta_description": "Benefits of Stones"
}