{
  "title": "Contact",
  "meta_title": "Contact",
  "meta_description": "Contact",
  "body": "<!--StartFragment-->\n\nMinas Cristais is located in Sete Lagoas, Minas Gerais, Brazil, a region known for the production of high quality crystals and minerals.\n\nWe began out of a small shop over 30 years ago\n\nIn 2011, we opened our virtual store, expanding sales throughout Brazil and around the world.\n\nToday, Minas Cristais is a staple in the market and works to connect people and nature.\n\nIn 2018 we opened our retail and wholesale store in Curvelo, Minas Gerais.\n\nThe Sete Lagoas store was expanded in 2020 to better serve the public.\n\nThe Belo Horizonte store was opened on April 10, 2021, Av. Augusto de Lima, 744 – Store 109 (Mercado Central of Belo Horizonte).\n\n\n\n**Our Products:**\n\nCurrently, Minas Cristais keeps in stock a large variety of different types and qualities of minerals, gems, handicrafts and decorative items.\n\nIn addition to numerous types of quartz, we also offer other semi-precious stones, such as agate, soapstone, chalcedony and obsidian.\n\nAdditionally, our stores sell a variety of jewelry, such as pendants, necklaces, rings and bracelets.\n\nAll of our products come from nature and are therefore unique. With that in mind, we always try to keep our web page updated so that our customers can view all available items. On our Instagram you can also follow the news and  view available products.\n\nWe provide accurate information about sizes and weights so you can choose the products most interesting to you.\n\nIn case you need different images or more information, we will gladly send them via e-mail or whatsapp.\n\nIf you don't find what you're looking for, feel free to contact us. We will check our stock and procure your order according to your needs.\n\nWhatsapp: +55 31 97124-4130\n\n**Our goal:**\n\nMinas Cristais aims to promptly serve its customers, offering carefully selected and high quality products, with attractive prices, with the fastest delivery time.\n\nWe are constantly adapting to technology so that we are available to build relationships online through social networks and whatsapp.\n\nWe have a personalized service by Whatsapp to answer all questions related to purchase orders. Available Monday - Friday from 9 am to 5 pm DF (GMT-3)\n\nThrough our social media channels (Instagram, Tik Tok, Facebook and Youtube), we are always available to talk to you and bring you relevant content about our products, and behind the scenes of what happens in our stores. We hope to see you there too :)\n\n\n\n**Our Goal:**\n\nTo better serve our domestic customers and new customers abroad. Keeping the quality standard that we have been able to achieve in all of our years of work.\n\nReturn to perform at Gem Shows and Exhibitions in Brazil and abroad as we did before the pandemic.\n\nTaking our gems, jewelry, semi-precious and handcrafted stones throughout Brazil and the world.\n\nAlways looking for updates on the technological and logistical side, bringing you faster delivery of your products.\n\nMinas Cristais - Transparency is our business!\n\n**Also visit our Stores in Brazil**\n\nCurvelo Store: Highway BR135, km 629.5 (next to Recanto do Tiziu)\n\n\n\nSete Lagoas Store: Av Marechal Castelo Branco, 2184. Bairro Santo Antonio\n\n\n\nBelo Horizonte Store: Av. Augusto de Lima, 744 - Store 109 (Mercado Central of Belo Horizonte\n\n\n\nGruta Gifts & Stone by Minas Cristais - is located in Gruta Rei do Mato Sete Lagoas/ MG Gifts, Decoration and Jewelry in Quartz and Crystals.💎\n\n\n\nGruta Rei do Mato is located 62 km from Belo Horizonte, along the BR-040, next to the entry access to Sete Lagoas.\n\nHighway BR-040, Km 472, s/n - Universitário, Sete Lagoas - MG\n\n\n\n<!--EndFragment-->",
  "sections": [
    {
      "type": "responsive-banner",
      "img": "/img/uploads/minas-cristais.png"
    },
    {
      "type": "extra-page",
      "enabled": true
    },
    {
      "type": "info-bar",
      "enabled": true
    }
  ]
}