{
  "title": "Store Information",
  "meta_title": "Store Information",
  "meta_description": "Store Information",
  "body": "<!--StartFragment-->\n\nAll our products come from nature and are therefore unique. Keeping that in mind, we will try to keep our web page up to date so that our customers can view all available items. We provide accurate information about sizes and weights for you to choose your products of interest. If you need different pictures or more detailed information, we will gladly send them via email.\n\n**HOW TO BUY?**\n\nIt is very easy to buy products from Minas Cristais.\n\nChoose your products, then click the buy button.\n\nAfter choosing all the products you want, click on the “Cart” at checkout.\n\nSet shipping costs.\n\nConfirm your shipping details and check if all the details are correct. In case any numbers or shipping data are missing, the return and reshipment will be charged to the customer. We are not responsible for incorrect information or missing data.\n\nChoose the payment method and complete the purchase.\n\nYour order will be packed and ready for postage.\n\n\n\n**HOW DO I FOLLOW THE PROGRESS OF THE ORDER?**\n\nTrack Here.\n\nEXCHANGES AND RETURNS\n\nAll orders involving exchange or return must be communicated on this page with the subject EXCHANGE or RETURN and with the purchase data in the MESSAGE field.\n\nThe message must be sent within 48 hours after receiving the products. \n\nExchanges or returns not communicated or communicated after the deadline will not be made.\n\nThe return must be made with the same packaging and care that the product was sent. If the product is returned without the necessary care and arrives damaged, the exchange or return will not be carried out.\n\nIMPORTANT: Refuse to receive the products in case of damaged packaging or product in disagreement with the order.\n\nIf you still receive the product, please contact us within 48 hours.\n\n\n\n<!--EndFragment-->",
  "sections": [
    {
      "type": "extra-page",
      "enabled": true
    },
    {
      "type": "info-bar",
      "enabled": true
    }
  ]
}