{
  "description": {
    "title": "",
    "text": ""
  },
  "links_1": {
    "list_pages": true,
    "title": "Information",
    "list": [
      {
        "text": "Minas Cristais SWX",
        "url": "/pages/contato"
      },
      {
        "text": "Store Information",
        "url": "/pages/faq"
      },
      {
        "text": "Shipping Ways",
        "url": "/pages/entrega"
      },
      {
        "text": "Payment Methods",
        "url": "/pages/pagamentos"
      },
      {
        "text": "Benefits of Stones",
        "url": "https://usminascristais.netlify.app/posts/benefits-of-stones"
      },
      {
        "text": "Security and Privacy",
        "url": "https://usminascristais.netlify.app/pages/privacidade"
      }
    ]
  },
  "links_2": {
    "list_categories": false,
    "title": "Categorias",
    "list": []
  },
  "contacts": {
    "title": "Contact",
    "phone_wpp": true,
    "socials": true,
    "email": true,
    "address": true
  },
  "stamps": [
    {
      "src": "/img/uploads/ssl-safe.png",
      "alt": "Secure connection"
    }
  ],
  "payment_methods": {
    "bb": false,
    "visa": false,
    "boleto": false,
    "aura": false,
    "banrisul": false,
    "elo": false,
    "hipercard": false,
    "hsbc": false,
    "bradesco": false,
    "santander": false,
    "mastercard": false,
    "paypal": true,
    "citibank": false,
    "mais": false,
    "itau": false
  },
  "credits": ""
}