{
  "meta_title": "",
  "meta_description": "",
  "sections": [
    {
      "type": "banner-slider",
      "autoplay": 9000,
      "full_width": true,
      "slides": [
        {
          "start": "2022-07-11T18:38:15.033Z",
          "end": "",
          "img": "/img/uploads/slide-minascristais_drusa-ametista.jpg",
          "mobile_img": "/img/uploads/slide-minascristais_drusa-ametistamobil.jpg"
        }
      ]
    },
    {
      "type": "banners-grid",
      "banners": [
        {
          "img": "/img/uploads/jewelry.jpg",
          "link": "https://usminascristais.netlify.app/jewelry"
        },
        {
          "img": "/img/uploads/home-decor.jpg",
          "link": "https://usminascristais.netlify.app/home-decor"
        },
        {
          "img": "/img/uploads/minerals.jpg",
          "link": "https://usminascristais.netlify.app/minerals"
        },
        {
          "img": "/img/uploads/exclsuive-minerals.jpg",
          "link": "https://usminascristais.netlify.app/exclusive"
        }
      ]
    },
    {
      "type": "page-title",
      "title": "Exclusive Stone Packages - Brazilian Stones and Crystals",
      "description": "Shop Now"
    },
    {
      "page": 1,
      "title": "Minas Cristais has the best prices and quality!",
      "shuffle": true,
      "headless": false,
      "type": "collection-shelf",
      "link": "https://usminascristais.netlify.app/stones",
      "limit": 12,
      "collection_id": null,
      "sort": "news"
    },
    {
      "type": "banner-slider",
      "autoplay": 9000,
      "full_width": true,
      "slides": [
        {
          "start": "2022-07-12T12:50:13.670Z",
          "end": "2022-07-12T12:50:13.691Z",
          "img": "/img/uploads/slide-minascristais-minerals-crystas.jpg",
          "mobile_img": "/img/uploads/slide-minascristais-minerals-crystas-mobile.jpg",
          "link": "https://usminascristais.netlify.app/minerals"
        }
      ]
    },
    {
      "type": "collection-shelf",
      "shuffle": false,
      "limit": 12,
      "page": 1,
      "collection_id": "62f43d52eb85911216aea2d3:categories:Towers & Obelisks:/towers-obelisks",
      "sort": "news",
      "title": "Towers & Obelisks - Minas Cristais has the best prices and quality!",
      "link": "https://usminascristais.netlify.app/towers-obelisks"
    },
    {
      "type": "info-bar",
      "enabled": true
    }
  ]
}